scenario_name,fault_injection_timestamp,detection_timestamp,recovery_timestamp,detection_delay,recovery_delay,poll_interval,notes,sync_mode,topology_name,topology_file,target_link,target_src_city,target_dst_city,target_distance_km,controller_app,background_traffic,background_flow_count,background_load_percent,background_target_bandwidth_mbps,controller_event_queue_depth_at_detection,controller_event_queue_depth_peak_until_detection,controller_events_until_detection,pre_fault_fidelity,post_fault_fidelity,post_recovery_fidelity,node_count,link_count,sync_duration_ms,api_call_count,pre_fault_total_packets,pre_fault_total_bytes,post_detection_total_packets,post_detection_total_bytes,post_recovery_total_packets,post_recovery_total_bytes,resource_log_file,Run_Order,repeat_index,configured_repeat_count
recovery_scenario,2026-04-25T11:09:51.225034+00:00,2026-04-25T11:09:53.751524+00:00,2026-04-25T11:09:58.589304+00:00,2.52649,4.586785,2.0,Expected LINK_DOWN followed by LINK_UP for s2-s4.,polling,geant_backbone_8cities_stage3,data/topologies/geant_backbone_8cities_stage3.json,Paris-Frankfurt,Paris,Frankfurt,478.0,src.controller.topology_aware_switch,iperf_tcp,12,10,10.0,44,44,7,0.8418627228218363,0.7597418733015625,0.9680861815582296,8,10,2817.6346980035305,28,454,35604,2612,5421120,10742,25446932,data/exports/load_linearity_recovery_randomized_uniform60_rep01_10pct_resource_logs.csv,1,1,5
recovery_scenario,2026-04-25T11:10:11.294142+00:00,2026-04-25T11:10:12.472394+00:00,2026-04-25T11:10:14.571609+00:00,1.178252,1.608422,2.0,Expected LINK_DOWN followed by LINK_UP for s2-s4.,polling,geant_backbone_8cities_stage3,data/topologies/geant_backbone_8cities_stage3.json,Paris-Frankfurt,Paris,Frankfurt,478.0,src.controller.topology_aware_switch,iperf_tcp,12,50,50.0,44,44,7,0.8411443116712441,0.8754458303604232,0.9756491606191007,8,10,98.77799300011247,28,448,34964,5418,18544804,6352,20285308,data/exports/load_linearity_recovery_randomized_uniform60_rep01_50pct_resource_logs.csv,2,1,5
recovery_scenario,2026-04-25T11:10:27.385098+00:00,2026-04-25T11:10:28.402830+00:00,2026-04-25T11:10:31.055196+00:00,1.017732,2.045136,2.0,Expected LINK_DOWN followed by LINK_UP for s2-s4.,polling,geant_backbone_8cities_stage3,data/topologies/geant_backbone_8cities_stage3.json,Paris-Frankfurt,Paris,Frankfurt,478.0,src.controller.topology_aware_switch,iperf_tcp,12,80,80.0,43,43,6,0.8412476378209157,0.864113422565231,0.9720616536282483,8,10,660.8267489355057,28,448,35032,6286,18219268,18831,46820120,data/exports/load_linearity_recovery_randomized_uniform60_rep01_80pct_resource_logs.csv,3,1,5
recovery_scenario,2026-04-25T11:10:44.050614+00:00,2026-04-25T11:10:47.897176+00:00,2026-04-25T11:10:51.818766+00:00,3.846562,3.55263,2.0,Expected LINK_DOWN followed by LINK_UP for s2-s4.,polling,geant_backbone_8cities_stage3,data/topologies/geant_backbone_8cities_stage3.json,Paris-Frankfurt,Paris,Frankfurt,478.0,src.controller.topology_aware_switch,iperf_tcp,12,30,30.0,44,44,7,0.8403698811702082,0.8333064499857126,0.979485084057704,8,10,2327.1757969632745,28,458,35904,5426,19149788,25338,62123108,data/exports/load_linearity_recovery_randomized_uniform60_rep01_30pct_resource_logs.csv,4,1,5
recovery_scenario,2026-04-25T11:11:04.726360+00:00,2026-04-25T11:11:08.059080+00:00,2026-04-25T11:11:12.286084+00:00,3.33272,3.748802,2.0,Expected LINK_DOWN followed by LINK_UP for s2-s4.,polling,geant_backbone_8cities_stage3,data/topologies/geant_backbone_8cities_stage3.json,Paris-Frankfurt,Paris,Frankfurt,478.0,src.controller.topology_aware_switch,iperf_tcp,12,10,10.0,44,44,7,0.8417155860160039,0.8803738033075726,0.983274415700587,8,10,2243.212191038765,28,454,35588,2436,5409296,6814,7273824,data/exports/load_linearity_recovery_randomized_uniform60_rep02_10pct_resource_logs.csv,5,2,5
recovery_scenario,2026-04-25T11:11:25.254828+00:00,2026-04-25T11:11:28.701899+00:00,2026-04-25T11:11:31.920279+00:00,3.447071,2.938905,2.0,Expected LINK_DOWN followed by LINK_UP for s2-s4.,polling,geant_backbone_8cities_stage3,data/topologies/geant_backbone_8cities_stage3.json,Paris-Frankfurt,Paris,Frankfurt,478.0,src.controller.topology_aware_switch,iperf_tcp,12,30,30.0,44,44,7,0.8409830810052265,0.8662681532806177,0.9923331256251094,8,10,1284.8165610339493,28,447,34904,5164,17646152,22650,60409248,data/exports/load_linearity_recovery_randomized_uniform60_rep02_30pct_resource_logs.csv,6,2,5
recovery_scenario,2026-04-25T11:11:44.554271+00:00,2026-04-25T11:11:46.409925+00:00,2026-04-25T11:11:49.310067+00:00,1.855654,2.532562,2.0,Expected LINK_DOWN followed by LINK_UP for s2-s4.,polling,geant_backbone_8cities_stage3,data/topologies/geant_backbone_8cities_stage3.json,Paris-Frankfurt,Paris,Frankfurt,478.0,src.controller.topology_aware_switch,iperf_tcp,12,50,50.0,44,44,7,0.8414575031790392,0.8873114950859171,0.9767457370792125,8,10,899.9078150372952,28,444,34660,6932,22527392,22291,64618196,data/exports/load_linearity_recovery_randomized_uniform60_rep02_50pct_resource_logs.csv,7,2,5
recovery_scenario,2026-04-25T11:12:02.500434+00:00,2026-04-25T11:12:03.536583+00:00,2026-04-25T11:12:07.390024+00:00,1.036149,3.234596,2.0,Expected LINK_DOWN followed by LINK_UP for s2-s4.,polling,geant_backbone_8cities_stage3,data/topologies/geant_backbone_8cities_stage3.json,Paris-Frankfurt,Paris,Frankfurt,478.0,src.controller.topology_aware_switch,iperf_tcp,12,80,80.0,44,44,7,0.8417158497585967,0.8605886589446221,0.9760122452831018,8,10,1863.1339179119095,28,446,34744,5344,19729576,9678,37208076,data/exports/load_linearity_recovery_randomized_uniform60_rep02_80pct_resource_logs.csv,8,2,5
recovery_scenario,2026-04-25T11:12:19.875107+00:00,2026-04-25T11:12:21.080361+00:00,2026-04-25T11:12:23.243998+00:00,1.205254,1.699636,2.0,Expected LINK_DOWN followed by LINK_UP for s2-s4.,polling,geant_backbone_8cities_stage3,data/topologies/geant_backbone_8cities_stage3.json,Paris-Frankfurt,Paris,Frankfurt,478.0,src.controller.topology_aware_switch,iperf_tcp,12,80,80.0,44,44,6,0.8419847153306227,0.8793589581963723,0.9816068772642117,8,10,138.29028001055121,28,452,35276,6730,19774936,19655,50942222,data/exports/load_linearity_recovery_randomized_uniform60_rep03_80pct_resource_logs.csv,9,3,5
recovery_scenario,2026-04-25T11:12:35.824446+00:00,2026-04-25T11:12:37.704346+00:00,2026-04-25T11:12:40.082406+00:00,1.8799,2.060458,2.0,Expected LINK_DOWN followed by LINK_UP for s2-s4.,polling,geant_backbone_8cities_stage3,data/topologies/geant_backbone_8cities_stage3.json,Paris-Frankfurt,Paris,Frankfurt,478.0,src.controller.topology_aware_switch,iperf_tcp,12,30,30.0,44,44,7,0.8415114151109482,0.8797563915329312,0.9784358479484233,8,10,374.9040859984234,28,446,34792,4582,15471588,12006,20472060,data/exports/load_linearity_recovery_randomized_uniform60_rep03_30pct_resource_logs.csv,10,3,5
recovery_scenario,2026-04-25T11:12:52.769910+00:00,2026-04-25T11:12:56.577167+00:00,2026-04-25T11:13:00.763592+00:00,3.807257,3.777212,2.0,Expected LINK_DOWN followed by LINK_UP for s2-s4.,polling,geant_backbone_8cities_stage3,data/topologies/geant_backbone_8cities_stage3.json,Paris-Frankfurt,Paris,Frankfurt,478.0,src.controller.topology_aware_switch,iperf_tcp,12,10,10.0,44,44,7,0.8419524552628834,0.8862057058466988,0.9874790168467714,8,10,2193.701211945154,28,448,35064,2812,6307200,13518,23988720,data/exports/load_linearity_recovery_randomized_uniform60_rep03_10pct_resource_logs.csv,11,3,5
recovery_scenario,2026-04-25T11:13:13.592146+00:00,2026-04-25T11:13:15.452240+00:00,2026-04-25T11:13:17.572603+00:00,1.860094,1.862804,2.0,Expected LINK_DOWN followed by LINK_UP for s2-s4.,polling,geant_backbone_8cities_stage3,data/topologies/geant_backbone_8cities_stage3.json,Paris-Frankfurt,Paris,Frankfurt,478.0,src.controller.topology_aware_switch,iperf_tcp,12,50,50.0,43,43,6,0.8409401928075397,0.8369447593768738,0.9819902961120555,8,10,534.7671220079064,28,458,35896,5391,20115726,10605,40497892,data/exports/load_linearity_recovery_randomized_uniform60_rep03_50pct_resource_logs.csv,12,3,5
recovery_scenario,2026-04-25T11:13:30.222008+00:00,2026-04-25T11:13:31.799919+00:00,2026-04-25T11:13:34.182779+00:00,1.577911,1.789532,2.0,Expected LINK_DOWN followed by LINK_UP for s2-s4.,polling,geant_backbone_8cities_stage3,data/topologies/geant_backbone_8cities_stage3.json,Paris-Frankfurt,Paris,Frankfurt,478.0,src.controller.topology_aware_switch,iperf_tcp,12,50,50.0,44,44,7,0.8413526949041564,0.8687522618339147,0.987108713814064,8,10,381.6804299131036,28,450,35144,5768,21343456,13247,56145702,data/exports/load_linearity_recovery_randomized_uniform60_rep04_50pct_resource_logs.csv,13,4,5
recovery_scenario,2026-04-25T11:13:46.627229+00:00,2026-04-25T11:13:47.405465+00:00,2026-04-25T11:13:49.549224+00:00,0.778236,1.775169,2.0,Expected LINK_DOWN followed by LINK_UP for s2-s4.,polling,geant_backbone_8cities_stage3,data/topologies/geant_backbone_8cities_stage3.json,Paris-Frankfurt,Paris,Frankfurt,478.0,src.controller.topology_aware_switch,iperf_tcp,12,80,80.0,44,44,7,0.8413107213431184,0.875044651773565,0.9850411957901999,8,10,139.29022895172238,28,458,35840,5626,19328464,16313,51066974,data/exports/load_linearity_recovery_randomized_uniform60_rep04_80pct_resource_logs.csv,14,4,5
recovery_scenario,2026-04-25T11:14:02.548536+00:00,2026-04-25T11:14:05.273080+00:00,2026-04-25T11:14:07.418833+00:00,2.724544,1.700304,2.0,Expected LINK_DOWN followed by LINK_UP for s2-s4.,polling,geant_backbone_8cities_stage3,data/topologies/geant_backbone_8cities_stage3.json,Paris-Frankfurt,Paris,Frankfurt,478.0,src.controller.topology_aware_switch,iperf_tcp,12,30,30.0,44,44,7,0.8406049100568819,0.8416187964557903,0.9919055100849075,8,10,498.77747299615294,28,455,35606,3884,20020356,4737,20387842,data/exports/load_linearity_recovery_randomized_uniform60_rep04_30pct_resource_logs.csv,15,4,5
recovery_scenario,2026-04-25T11:14:20.066244+00:00,2026-04-25T11:14:22.621320+00:00,2026-04-25T11:14:27.075458+00:00,2.555076,3.748483,2.0,Expected LINK_DOWN followed by LINK_UP for s2-s4.,polling,geant_backbone_8cities_stage3,data/topologies/geant_backbone_8cities_stage3.json,Paris-Frankfurt,Paris,Frankfurt,478.0,src.controller.topology_aware_switch,iperf_tcp,12,10,10.0,44,44,7,0.8412497799335151,0.8481567982670818,0.9701839961572764,8,10,3256.1261110240594,28,446,34844,3748,6544248,14484,25458416,data/exports/load_linearity_recovery_randomized_uniform60_rep04_10pct_resource_logs.csv,16,4,5
recovery_scenario,2026-04-25T11:14:39.610605+00:00,2026-04-25T11:14:40.672101+00:00,2026-04-25T11:14:42.994827+00:00,1.061496,1.738945,2.0,Expected LINK_DOWN followed by LINK_UP for s2-s4.,polling,geant_backbone_8cities_stage3,data/topologies/geant_backbone_8cities_stage3.json,Paris-Frankfurt,Paris,Frankfurt,478.0,src.controller.topology_aware_switch,iperf_tcp,12,80,80.0,44,44,7,0.8413713064294596,0.8712263485855751,0.9847086529109293,8,10,317.640995956026,28,450,35236,6200,17944432,15629,41045706,data/exports/load_linearity_recovery_randomized_uniform60_rep05_80pct_resource_logs.csv,17,5,5
recovery_scenario,2026-04-25T11:14:55.697947+00:00,2026-04-25T11:14:57.927801+00:00,2026-04-25T11:15:01.966858+00:00,2.229854,3.577796,2.0,Expected LINK_DOWN followed by LINK_UP for s2-s4.,polling,geant_backbone_8cities_stage3,data/topologies/geant_backbone_8cities_stage3.json,Paris-Frankfurt,Paris,Frankfurt,478.0,src.controller.topology_aware_switch,iperf_tcp,12,10,10.0,44,44,7,0.8406556995964797,0.8903941592249718,0.9744458267538305,8,10,2036.9604249717668,28,446,34784,3368,5603664,10312,20968364,data/exports/load_linearity_recovery_randomized_uniform60_rep05_10pct_resource_logs.csv,18,5,5
recovery_scenario,2026-04-25T11:15:15.027982+00:00,2026-04-25T11:15:18.802565+00:00,2026-04-25T11:15:22.036958+00:00,3.774583,2.646492,2.0,Expected LINK_DOWN followed by LINK_UP for s2-s4.,polling,geant_backbone_8cities_stage3,data/topologies/geant_backbone_8cities_stage3.json,Paris-Frankfurt,Paris,Frankfurt,478.0,src.controller.topology_aware_switch,iperf_tcp,12,30,30.0,44,44,7,0.8409901552580427,0.8800383090879446,0.9823776258442007,8,10,1257.6402989216149,28,437,33972,5844,17690656,14668,23180804,data/exports/load_linearity_recovery_randomized_uniform60_rep05_30pct_resource_logs.csv,19,5,5
recovery_scenario,2026-04-25T11:15:35.054931+00:00,2026-04-25T11:15:36.992950+00:00,2026-04-25T11:15:39.127052+00:00,1.938019,1.89799,2.0,Expected LINK_DOWN followed by LINK_UP for s2-s4.,polling,geant_backbone_8cities_stage3,data/topologies/geant_backbone_8cities_stage3.json,Paris-Frankfurt,Paris,Frankfurt,478.0,src.controller.topology_aware_switch,iperf_tcp,12,50,50.0,43,43,6,0.8413073652030241,0.8749780808487152,0.9877753830946057,8,10,140.61634405516088,28,448,35020,5736,20124632,12097,53009526,data/exports/load_linearity_recovery_randomized_uniform60_rep05_50pct_resource_logs.csv,20,5,5
