scenario_name,fault_injection_timestamp,detection_timestamp,recovery_timestamp,detection_delay,recovery_delay,poll_interval,notes,sync_mode,topology_name,topology_file,target_link,target_src_city,target_dst_city,target_distance_km,controller_app,background_traffic,background_flow_count,pre_fault_fidelity,post_fault_fidelity,post_recovery_fidelity,node_count,link_count,sync_duration_ms,api_call_count,pre_fault_total_packets,pre_fault_total_bytes,post_detection_total_packets,post_detection_total_bytes,post_recovery_total_packets,post_recovery_total_bytes,repeat_index,configured_repeat_count
recovery_scenario,2026-04-05T10:05:00+00:00,2026-04-05T10:05:00.432709+00:00,2026-04-05T10:05:02.026773+00:00,0.432709,1.594064,2.0,Run 1/3 on geant_backbone_8cities_stage3 with none traffic.,polling,geant_backbone_8cities_stage3,data/topologies/geant_backbone_8cities_stage3.json,Paris--London,Paris,London,340.0,src.controller.topology_aware_switch,none,0,0.9868,0.8612,0.9925,8,10,41.44,18,1356,409588,4656,136663,1744,248246,1,3
recovery_scenario,2026-04-05T10:10:00+00:00,2026-04-05T10:10:00.534238+00:00,2026-04-05T10:10:02.189083+00:00,0.534238,1.654845,2.0,Run 2/3 on geant_backbone_8cities_stage3 with none traffic.,polling,geant_backbone_8cities_stage3,data/topologies/geant_backbone_8cities_stage3.json,Paris--London,Paris,London,340.0,src.controller.topology_aware_switch,none,0,0.9513,0.8039,0.9755,8,10,47.82,18,3232,319949,3005,355514,6327,441704,2,3
recovery_scenario,2026-04-05T10:15:00+00:00,2026-04-05T10:15:00.454999+00:00,2026-04-05T10:15:02.059051+00:00,0.454999,1.604052,2.0,Run 3/3 on geant_backbone_8cities_stage3 with none traffic.,polling,geant_backbone_8cities_stage3,data/topologies/geant_backbone_8cities_stage3.json,Paris--London,Paris,London,340.0,src.controller.topology_aware_switch,none,0,0.967,0.7987,0.997,8,10,44.66,18,2378,153587,1959,319191,2292,526417,3,3
recovery_scenario,2026-04-05T10:20:00+00:00,2026-04-05T10:20:01.163007+00:00,2026-04-05T10:20:03.365119+00:00,1.163007,2.202112,2.0,Run 1/3 on geant_backbone_8cities_stage3 with icmp traffic.,polling,geant_backbone_8cities_stage3,data/topologies/geant_backbone_8cities_stage3.json,Paris--London,Paris,London,340.0,src.controller.topology_aware_switch,icmp,3,0.9904,0.8676,0.9675,8,10,36.43,18,4985,298461,1845,409428,3901,529201,1,3
recovery_scenario,2026-04-05T10:25:00+00:00,2026-04-05T10:25:01.183380+00:00,2026-04-05T10:25:03.052902+00:00,1.18338,1.869522,2.0,Run 2/3 on geant_backbone_8cities_stage3 with icmp traffic.,polling,geant_backbone_8cities_stage3,data/topologies/geant_backbone_8cities_stage3.json,Paris--London,Paris,London,340.0,src.controller.topology_aware_switch,icmp,3,0.9645,0.7896,0.9463,8,10,45.45,18,1413,299295,3477,357717,6707,532554,2,3
recovery_scenario,2026-04-05T10:30:00+00:00,2026-04-05T10:30:01.627185+00:00,2026-04-05T10:30:03.764715+00:00,1.627185,2.13753,2.0,Run 3/3 on geant_backbone_8cities_stage3 with icmp traffic.,polling,geant_backbone_8cities_stage3,data/topologies/geant_backbone_8cities_stage3.json,Paris--London,Paris,London,340.0,src.controller.topology_aware_switch,icmp,3,0.9835,0.8642,0.9778,8,10,46.0,18,1292,419360,2601,400043,3505,321339,3,3
recovery_scenario,2026-04-05T10:35:00+00:00,2026-04-05T10:35:00.811207+00:00,2026-04-05T10:35:02.696613+00:00,0.811207,1.885406,2.0,Run 1/3 on geant_backbone_8cities_stage3 with iperf_tcp traffic.,polling,geant_backbone_8cities_stage3,data/topologies/geant_backbone_8cities_stage3.json,Paris--London,Paris,London,340.0,src.controller.topology_aware_switch,iperf_tcp,6,0.961,0.8189,0.9838,8,10,48.81,18,1229,220087,1462,542075,4084,570651,1,3
recovery_scenario,2026-04-05T10:40:00+00:00,2026-04-05T10:40:00.825850+00:00,2026-04-05T10:40:02.661300+00:00,0.82585,1.83545,2.0,Run 2/3 on geant_backbone_8cities_stage3 with iperf_tcp traffic.,polling,geant_backbone_8cities_stage3,data/topologies/geant_backbone_8cities_stage3.json,Paris--London,Paris,London,340.0,src.controller.topology_aware_switch,iperf_tcp,6,0.9971,0.8852,0.952,8,10,45.42,18,3684,361740,4441,583828,6766,631141,2,3
recovery_scenario,2026-04-05T10:45:00+00:00,2026-04-05T10:45:01.011543+00:00,2026-04-05T10:45:02.943019+00:00,1.011543,1.931476,2.0,Run 3/3 on geant_backbone_8cities_stage3 with iperf_tcp traffic.,polling,geant_backbone_8cities_stage3,data/topologies/geant_backbone_8cities_stage3.json,Paris--London,Paris,London,340.0,src.controller.topology_aware_switch,iperf_tcp,6,0.9874,0.8314,0.9708,8,10,41.8,18,2482,214987,2333,387138,5542,245325,3,3
link_flap_scenario,2026-04-05T10:50:00+00:00,2026-04-05T10:50:00.355618+00:00,,0.355618,,2.0,Run 1/3 on geant_backbone_8cities_stage3 with none traffic.,polling,geant_backbone_8cities_stage3,data/topologies/geant_backbone_8cities_stage3.json,Paris--London,Paris,London,340.0,src.controller.topology_aware_switch,none,0,0.9576,0.7992,,8,10,42.36,18,3787,321333,1720,321728,,,1,3
link_flap_scenario,2026-04-05T10:55:00+00:00,2026-04-05T10:55:00.281434+00:00,,0.281434,,2.0,Run 2/3 on geant_backbone_8cities_stage3 with none traffic.,polling,geant_backbone_8cities_stage3,data/topologies/geant_backbone_8cities_stage3.json,Paris--London,Paris,London,340.0,src.controller.topology_aware_switch,none,0,0.9765,0.8965,,8,10,29.74,18,4525,106019,2138,477412,,,2,3
link_flap_scenario,2026-04-05T11:00:00+00:00,2026-04-05T11:00:00.705632+00:00,,0.705632,,2.0,Run 3/3 on geant_backbone_8cities_stage3 with none traffic.,polling,geant_backbone_8cities_stage3,data/topologies/geant_backbone_8cities_stage3.json,Paris--London,Paris,London,340.0,src.controller.topology_aware_switch,none,0,0.9884,0.8208,,8,10,48.25,18,2202,327942,2495,357881,,,3,3
link_flap_scenario,2026-04-05T11:05:00+00:00,2026-04-05T11:05:01.217694+00:00,,1.217694,,2.0,Run 1/3 on geant_backbone_8cities_stage3 with icmp traffic.,polling,geant_backbone_8cities_stage3,data/topologies/geant_backbone_8cities_stage3.json,Paris--London,Paris,London,340.0,src.controller.topology_aware_switch,icmp,3,0.986,0.8966,,8,10,50.0,18,4120,193665,5358,598479,,,1,3
link_flap_scenario,2026-04-05T11:10:00+00:00,2026-04-05T11:10:01.570115+00:00,,1.570115,,2.0,Run 2/3 on geant_backbone_8cities_stage3 with icmp traffic.,polling,geant_backbone_8cities_stage3,data/topologies/geant_backbone_8cities_stage3.json,Paris--London,Paris,London,340.0,src.controller.topology_aware_switch,icmp,3,0.9921,0.8409,,8,10,47.5,18,1814,180131,4263,519775,,,2,3
link_flap_scenario,2026-04-05T11:15:00+00:00,2026-04-05T11:15:01.829255+00:00,,1.829255,,2.0,Run 3/3 on geant_backbone_8cities_stage3 with icmp traffic.,polling,geant_backbone_8cities_stage3,data/topologies/geant_backbone_8cities_stage3.json,Paris--London,Paris,London,340.0,src.controller.topology_aware_switch,icmp,3,0.9961,0.8902,,8,10,48.53,18,3453,269951,5202,130211,,,3,3
link_flap_scenario,2026-04-05T11:20:00+00:00,2026-04-05T11:20:01.205660+00:00,,1.20566,,2.0,Run 1/3 on geant_backbone_8cities_stage3 with iperf_tcp traffic.,polling,geant_backbone_8cities_stage3,data/topologies/geant_backbone_8cities_stage3.json,Paris--London,Paris,London,340.0,src.controller.topology_aware_switch,iperf_tcp,6,0.9993,0.8768,,8,10,45.62,18,1980,130369,3173,580329,,,1,3
link_flap_scenario,2026-04-05T11:25:00+00:00,2026-04-05T11:25:00.982085+00:00,,0.982085,,2.0,Run 2/3 on geant_backbone_8cities_stage3 with iperf_tcp traffic.,polling,geant_backbone_8cities_stage3,data/topologies/geant_backbone_8cities_stage3.json,Paris--London,Paris,London,340.0,src.controller.topology_aware_switch,iperf_tcp,6,0.9866,0.8779,,8,10,40.15,18,4115,379291,2230,187314,,,2,3
link_flap_scenario,2026-04-05T11:30:00+00:00,2026-04-05T11:30:00.865047+00:00,,0.865047,,2.0,Run 3/3 on geant_backbone_8cities_stage3 with iperf_tcp traffic.,polling,geant_backbone_8cities_stage3,data/topologies/geant_backbone_8cities_stage3.json,Paris--London,Paris,London,340.0,src.controller.topology_aware_switch,iperf_tcp,6,0.9583,0.8433,,8,10,35.49,18,3484,321846,2935,402746,,,3,3
multi_fault_scenario,2026-04-05T11:35:00+00:00,2026-04-05T11:35:00.066522+00:00,,0.066522,,2.0,Run 1/3 on geant_backbone_8cities_stage3 with none traffic.,polling,geant_backbone_8cities_stage3,data/topologies/geant_backbone_8cities_stage3.json,Paris--London,Paris,London,340.0,src.controller.topology_aware_switch,none,0,0.9856,0.8279,,8,10,42.25,18,3751,440723,4259,349690,,,1,3
multi_fault_scenario,2026-04-05T11:40:00+00:00,2026-04-05T11:40:00.107651+00:00,,0.107651,,2.0,Run 2/3 on geant_backbone_8cities_stage3 with none traffic.,polling,geant_backbone_8cities_stage3,data/topologies/geant_backbone_8cities_stage3.json,Paris--London,Paris,London,340.0,src.controller.topology_aware_switch,none,0,0.9624,0.7877,,8,10,46.43,18,1086,408443,5737,240646,,,2,3
multi_fault_scenario,2026-04-05T11:45:00+00:00,2026-04-05T11:45:00.178294+00:00,,0.178294,,2.0,Run 3/3 on geant_backbone_8cities_stage3 with none traffic.,polling,geant_backbone_8cities_stage3,data/topologies/geant_backbone_8cities_stage3.json,Paris--London,Paris,London,340.0,src.controller.topology_aware_switch,none,0,0.9854,0.7871,,8,10,41.49,18,1276,116469,3906,157149,,,3,3
multi_fault_scenario,2026-04-05T11:50:00+00:00,2026-04-05T11:50:01.364156+00:00,,1.364156,,2.0,Run 1/3 on geant_backbone_8cities_stage3 with icmp traffic.,polling,geant_backbone_8cities_stage3,data/topologies/geant_backbone_8cities_stage3.json,Paris--London,Paris,London,340.0,src.controller.topology_aware_switch,icmp,3,0.9743,0.8447,,8,10,37.98,18,3962,399391,5920,367815,,,1,3
multi_fault_scenario,2026-04-05T11:55:00+00:00,2026-04-05T11:55:01.362058+00:00,,1.362058,,2.0,Run 2/3 on geant_backbone_8cities_stage3 with icmp traffic.,polling,geant_backbone_8cities_stage3,data/topologies/geant_backbone_8cities_stage3.json,Paris--London,Paris,London,340.0,src.controller.topology_aware_switch,icmp,3,0.9704,0.7913,,8,10,42.25,18,3699,325994,4102,342077,,,2,3
multi_fault_scenario,2026-04-05T12:00:00+00:00,2026-04-05T12:00:01.662680+00:00,,1.66268,,2.0,Run 3/3 on geant_backbone_8cities_stage3 with icmp traffic.,polling,geant_backbone_8cities_stage3,data/topologies/geant_backbone_8cities_stage3.json,Paris--London,Paris,London,340.0,src.controller.topology_aware_switch,icmp,3,0.9527,0.8584,,8,10,33.53,18,3646,151599,1696,331089,,,3,3
multi_fault_scenario,2026-04-05T12:05:00+00:00,2026-04-05T12:05:00.818164+00:00,,0.818164,,2.0,Run 1/3 on geant_backbone_8cities_stage3 with iperf_tcp traffic.,polling,geant_backbone_8cities_stage3,data/topologies/geant_backbone_8cities_stage3.json,Paris--London,Paris,London,340.0,src.controller.topology_aware_switch,iperf_tcp,6,0.9555,0.803,,8,10,40.77,18,3196,335202,2348,341187,,,1,3
multi_fault_scenario,2026-04-05T12:10:00+00:00,2026-04-05T12:10:00.420943+00:00,,0.420943,,2.0,Run 2/3 on geant_backbone_8cities_stage3 with iperf_tcp traffic.,polling,geant_backbone_8cities_stage3,data/topologies/geant_backbone_8cities_stage3.json,Paris--London,Paris,London,340.0,src.controller.topology_aware_switch,iperf_tcp,6,0.9937,0.789,,8,10,44.26,18,4309,388528,2002,146522,,,2,3
multi_fault_scenario,2026-04-05T12:15:00+00:00,2026-04-05T12:15:00.812603+00:00,,0.812603,,2.0,Run 3/3 on geant_backbone_8cities_stage3 with iperf_tcp traffic.,polling,geant_backbone_8cities_stage3,data/topologies/geant_backbone_8cities_stage3.json,Paris--London,Paris,London,340.0,src.controller.topology_aware_switch,iperf_tcp,6,0.9507,0.7912,,8,10,38.4,18,4086,223930,2562,333078,,,3,3
